"DESCRIPTION","DURATION IN MS","NAME","PARENT SUITE","START TIME","STATUS","STOP TIME","SUB SUITE","SUITE","TEST CLASS","TEST METHOD"
"","3950","Submit a lead from New cars for pickup trucks","Car Junction - Lead Form Submission","2026-09-29","passed","2026-09-29","","New Cars - Other Categories","",""
"","3936","Submit a lead from New cars for cars under 20 lakh","Car Junction - Lead Form Submission","2026-09-29","passed","2026-09-29","","New Cars - Price Range Leads","",""
"","3111","Submit a lead for Mahindra cars","Car Junction - Lead Form Submission","2026-09-29","passed","2026-09-29","","Popular Cars Listing - Brand Leads","",""
"","100","Submit lead for Mileage/Range","Car Junction - Lead Form Submission","2026-09-29","passed","2026-09-29","","PDP - Mileage/Range Lead","",""
"","2867","Reject lead submission with empty name","Car Junction - Lead Form Submission","2026-09-29","passed","2026-09-29","","Latest Cars Listing","",""
"","3761","Submit a lead for Coupe cars","Car Junction - Lead Form Submission","2026-09-29","passed","2026-09-29","","Homepage - Body Type Leads","",""
"","4107","Submit a lead from New cars for Convertible cars","Car Junction - Lead Form Submission","2026-09-29","passed","2026-09-29","","New Cars - Body Type Leads","",""
"","4090","Submit a lead from the Popular Upcoming cars section on PDP","Car Junction - Lead Form Submission","2026-09-29","passed","2026-09-29","","PDP - Lead Submission","",""
"","3394","Submit a lead from the Electric cars tab on the All Brands page","Car Junction - Lead Form Submission","2026-09-29","passed","2026-09-29","","All Brands Page","",""
"","5241","Submit a lead for SUV cars","Car Junction - Lead Form Submission","2026-09-29","passed","2026-09-29","","Homepage - Body Type Leads","",""
"","3683","Submit a lead from the variant section on the price page","Car Junction - Lead Form Submission","2026-09-29","passed","2026-09-29","","Price Page - Lead Submission","",""
"","3406","Submit a lead for Hatchback cars","Car Junction - Lead Form Submission","2026-09-29","passed","2026-09-29","","Homepage - Body Type Leads","",""
"","2408","Reject lead submission with empty name","Car Junction - Lead Form Submission","2026-09-29","passed","2026-09-29","","Electric Cars Listing","",""
"","3309","Submit a lead for new car launches from the Upcoming cars page","Car Junction - Lead Form Submission","2026-09-29","passed","2026-09-29","","Upcoming Cars Page","",""
"","2639","Reject lead submission with mobile number less than 10 digits","Car Junction - Lead Form Submission","2026-09-29","passed","2026-09-29","","Budget Listing Page","",""
"","3831","Submit a lead from New cars for Sedan cars","Car Junction - Lead Form Submission","2026-09-29","passed","2026-09-29","","New Cars - Body Type Leads","",""
"","3954","Submit a lead from New cars for SUV cars","Car Junction - Lead Form Submission","2026-09-29","passed","2026-09-29","","New Cars - Body Type Leads","",""
"","3146","Submit a lead for cars above 50 lakh on the Popular cars page","Car Junction - Lead Form Submission","2026-09-29","passed","2026-09-29","","Popular Cars Listing - Lead Submission","",""
"","4630","Submit a lead from the PDP Hero section","Car Junction - Lead Form Submission","2026-09-29","passed","2026-09-29","","PDP - Lead Submission","",""
"","2943","Submit a lead from New cars for luxury cars","Car Junction - Lead Form Submission","2026-09-29","passed","2026-09-29","","New Cars - Other Categories","",""
"","2506","Submit a lead from the Upcoming cars section","Car Junction - Lead Form Submission","2026-09-29","passed","2026-09-29","","Homepage - Popular, Latest & Upcoming Cars","",""
"","3863","Submit a lead from New cars for cars under 35 lakh","Car Junction - Lead Form Submission","2026-09-29","passed","2026-09-29","","New Cars - Price Range Leads","",""
"","11006","Verify the PDP page title","Car Junction - Lead Form Submission","2026-09-29","failed","2026-09-29","","PDP - Lead Submission","",""
"","3661","Submit a lead from New cars for Coupe cars","Car Junction - Lead Form Submission","2026-09-29","passed","2026-09-29","","New Cars - Body Type Leads","",""
"","7723","Submit a lead from the Electric cars listing","Car Junction - Lead Form Submission","2026-09-29","passed","2026-09-29","","Electric Cars Listing","",""
"","10083","Submit a lead for Tata cars from the Brand page","Car Junction - Lead Form Submission","2026-09-29","passed","2026-09-29","","Brand Page","",""
"","2399","Reject lead submission with mobile number less than 10 digits","Car Junction - Lead Form Submission","2026-09-29","passed","2026-09-29","","Latest Cars Listing","",""
"","3363","Submit a lead for upcoming Tata cars from the Brand page","Car Junction - Lead Form Submission","2026-09-29","passed","2026-09-29","","Brand Page","",""
"","10901","Submit a lead for trending cars from the EMI calculator page","Car Junction - Lead Form Submission","2026-09-29","failed","2026-09-29","","EMI Calculator","",""
"","2277","Submit a lead for cars under 10 lakh on the Popular cars page","Car Junction - Lead Form Submission","2026-09-29","passed","2026-09-29","","Popular Cars Listing - Lead Submission","",""
"","4180","Submit a lead for Convertible cars","Car Junction - Lead Form Submission","2026-09-29","passed","2026-09-29","","Homepage - Body Type Leads","",""
"","9899","Submit a lead from the Popular cars tab","Car Junction - Lead Form Submission","2026-09-29","passed","2026-09-29","","Homepage - Popular, Latest & Upcoming Cars","",""
"","2762","Submit a lead for Electric cars on the Latest cars page","Car Junction - Lead Form Submission","2026-09-29","passed","2026-09-29","","Latest Cars Listing","",""
"","4278","Submit a lead for Minivan cars","Car Junction - Lead Form Submission","2026-09-29","passed","2026-09-29","","Homepage - Body Type Leads","",""
"","4270","Submit a lead from New cars for MPV cars","Car Junction - Lead Form Submission","2026-09-29","passed","2026-09-29","","New Cars - Body Type Leads","",""
"","3897","Submit a lead for MUV cars","Car Junction - Lead Form Submission","2026-09-29","passed","2026-09-29","","Homepage - Body Type Leads","",""
"","3803","Submit a lead for Diesel cars","Car Junction - Lead Form Submission","2026-09-29","passed","2026-09-29","","Homepage - Fuel Type Leads","",""
"","2442","Submit a lead for cars under 5 lakh on the Popular cars page","Car Junction - Lead Form Submission","2026-09-29","passed","2026-09-29","","Popular Cars Listing - Lead Submission","",""
"","8942","Submit a lead from the Sedan cars listing","Car Junction - Lead Form Submission","2026-09-29","passed","2026-09-29","","Body Type Listing - Sedan","",""
"","8314","Submit a lead from the Popular cars tab on the All Brands page","Car Junction - Lead Form Submission","2026-09-29","passed","2026-09-29","","All Brands Page","",""
"","2986","Submit Lead from Brand + Budget pages","Car Junction - Lead Form Submission","2026-09-29","passed","2026-09-29","","Brand + Budget Type Listing","",""
"","3121","Submit a lead for Hyundai cars","Car Junction - Lead Form Submission","2026-09-29","passed","2026-09-29","","Popular Cars Listing - Brand Leads","",""
"","2732","Submit a lead for Petrol cars on the Latest cars page","Car Junction - Lead Form Submission","2026-09-29","passed","2026-09-29","","Latest Cars Listing","",""
"","4347","Submit a lead from New cars for Upcoming cars","Car Junction - Lead Form Submission","2026-09-29","passed","2026-09-29","","New Cars - Other Categories","",""
"","3854","Submit a lead for cars above 50 lakh","Car Junction - Lead Form Submission","2026-09-29","passed","2026-09-29","","Homepage - Budget Range Leads","",""
"","7812","Reject lead submission with empty name","Car Junction - Lead Form Submission","2026-09-29","passed","2026-09-29","","New Cars - Price Range Leads","",""
"","2441","Reject lead submission with empty name","Car Junction - Lead Form Submission","2026-09-29","passed","2026-09-29","","Brand Page","",""
"","3627","Submit a lead for cars under 15 lakh","Car Junction - Lead Form Submission","2026-09-29","passed","2026-09-29","","Homepage - Budget Range Leads","",""
"","18452","Submit a lead from the price page","Car Junction - Lead Form Submission","2026-09-29","passed","2026-09-29","","Price Page - Lead Submission","",""
"","10831","Submit a lead from the similar cars section on the price page","Car Junction - Lead Form Submission","2026-09-29","failed","2026-09-29","","Price Page - Lead Submission","",""
"","3855","Submit a lead from New cars for cars under 15 lakh","Car Junction - Lead Form Submission","2026-09-29","passed","2026-09-29","","New Cars - Price Range Leads","",""
"","2348","Submit a lead for cars under 15 lakh on the Popular cars page","Car Junction - Lead Form Submission","2026-09-29","passed","2026-09-29","","Popular Cars Listing - Lead Submission","",""
"","2819","Admin Login","Car Junction - Admin Panel","2026-09-29","passed","2026-09-29","","Admin Panel - Lead Verification","",""
"","3804","Submit a lead from New cars for Hatchback cars","Car Junction - Lead Form Submission","2026-09-29","passed","2026-09-29","","New Cars - Body Type Leads","",""
"","2596","Reject lead submission with empty mobile number","Car Junction - Lead Form Submission","2026-09-29","passed","2026-09-29","","Fuel Type Listing - Petrol","",""
"","3904","Submit a lead for cars under 20 lakh","Car Junction - Lead Form Submission","2026-09-29","passed","2026-09-29","","Homepage - Budget Range Leads","",""
"","12478","Submit a lead from the Popular cars listing","Car Junction - Lead Form Submission","2026-09-29","passed","2026-09-29","","Popular Cars Listing - Lead Submission","",""
"","3930","Submit a lead for cars under 5 lakh","Car Junction - Lead Form Submission","2026-09-29","passed","2026-09-29","","Homepage - Budget Range Leads","",""
"","10387","Submit a lead from the similar cars section on the Specs page","Car Junction - Lead Form Submission","2026-09-29","failed","2026-09-29","","Specs Page - Lead Submission","",""
"","4267","Submit a lead from New cars for cars under 50 lakh","Car Junction - Lead Form Submission","2026-09-29","passed","2026-09-29","","New Cars - Price Range Leads","",""
"","7426","Submit a lead from the Specs page","Car Junction - Lead Form Submission","2026-09-29","passed","2026-09-29","","Specs Page - Lead Submission","",""
"","4050","Submit a lead from New cars for cars under 10 lakh","Car Junction - Lead Form Submission","2026-09-29","passed","2026-09-29","","New Cars - Price Range Leads","",""
"","338","Validate lead Name and Phone in the Admin Excel export","Car Junction - Admin Panel","2026-09-29","passed","2026-09-29","","Admin Panel - Lead Verification","",""
"","11494","Submit a lead from New cars for cars under 5 lakh","Car Junction - Lead Form Submission","2026-09-29","passed","2026-09-29","","New Cars - Price Range Leads","",""
"","2316","Submit a lead for cars under 20 lakh on the Popular cars page","Car Junction - Lead Form Submission","2026-09-29","passed","2026-09-29","","Popular Cars Listing - Lead Submission","",""
"","3156","Reject lead submission with mobile number less than 10 digits","Car Junction - Lead Form Submission","2026-09-29","passed","2026-09-29","","Body Type Listing - Sedan","",""
"","3248","Submit a lead for popular cars from the Upcoming cars page","Car Junction - Lead Form Submission","2026-09-29","passed","2026-09-29","","Upcoming Cars Page","",""
"","20235","Leads report","Car Junction - Admin Panel","2026-09-29","passed","2026-09-29","","Admin Panel - Lead Verification","",""
"","12356","Submit a lead for 4-seater cars","Car Junction - Lead Form Submission","2026-09-29","passed","2026-09-29","","Seating Capacity - 4-Seater","",""
"","9169","Submit a lead from the Upcoming cars page","Car Junction - Lead Form Submission","2026-09-29","passed","2026-09-29","","Upcoming Cars Page","",""
"","13813","Submit a lead from the EMI calculator page","Car Junction - Lead Form Submission","2026-09-29","failed","2026-09-29","","EMI Calculator","",""
"","2953","Submit a lead for KIA cars","Car Junction - Lead Form Submission","2026-09-29","passed","2026-09-29","","Popular Cars Listing - Brand Leads","",""
"","8731","Submit a lead for Petrol cars from the fuel type listing","Car Junction - Lead Form Submission","2026-09-29","passed","2026-09-29","","Fuel Type Listing - Petrol","",""
"","2224","Submit a lead from New cars for Minivan cars","Car Junction - Lead Form Submission","2026-09-29","passed","2026-09-29","","New Cars - Body Type Leads","",""
"","82","Submit lead for Mileage/Range Variant section","Car Junction - Lead Form Submission","2026-09-29","passed","2026-09-29","","PDP - Mileage/Range Lead","",""
"","4134","Submit a lead for cars under 35 lakh","Car Junction - Lead Form Submission","2026-09-29","passed","2026-09-29","","Homepage - Budget Range Leads","",""
"","202","Reject lead submission with empty name","Car Junction - Lead Form Submission","2026-09-29","passed","2026-09-29","","Specs Page - Lead Submission","",""
"","2260","Reject lead submission with empty mobile number","Car Junction - Lead Form Submission","2026-09-29","passed","2026-09-29","","Latest Cars Listing","",""
"","3822","Submit a lead from the PDP Variant section","Car Junction - Lead Form Submission","2026-09-29","passed","2026-09-29","","PDP - Lead Submission","",""
"","4022","Submit a lead for cars under 10 lakh","Car Junction - Lead Form Submission","2026-09-29","passed","2026-09-29","","Homepage - Budget Range Leads","",""
"","11614","Submit a lead from the Compare page","Car Junction - Lead Form Submission","2026-09-29","passed","2026-09-29","","Compare Cars Page","",""
"","2781","Submit a lead from the Latest cars tab","Car Junction - Lead Form Submission","2026-09-29","passed","2026-09-29","","Homepage - Popular, Latest & Upcoming Cars","",""
"","3717","Submit a lead for cars under 50 lakh","Car Junction - Lead Form Submission","2026-09-29","passed","2026-09-29","","Homepage - Budget Range Leads","",""
"","2471","Submit a lead for upcoming cars on the Budget page under 5 lakh","Car Junction - Lead Form Submission","2026-09-29","passed","2026-09-29","","Budget Listing Page","",""
"","2475","Reject lead submission with mobile number less than 10 digits","Car Junction - Lead Form Submission","2026-09-29","passed","2026-09-29","","Homepage - Popular, Latest & Upcoming Cars","",""
"","3641","Reject lead submission with empty mobile number","Car Junction - Lead Form Submission","2026-09-29","passed","2026-09-29","","New Cars - Price Range Leads","",""
"","5062","Submit a lead from New cars for cars above 50 lakh","Car Junction - Lead Form Submission","2026-09-29","passed","2026-09-29","","New Cars - Price Range Leads","",""
"","2597","Reject lead submission with empty name","Car Junction - Lead Form Submission","2026-09-29","passed","2026-09-29","","All Brands Page","",""
"","91","Validate lead counts match the Admin Excel export","Car Junction - Admin Panel","2026-09-29","passed","2026-09-29","","Admin Panel - Lead Verification","",""
"","3890","Submit a lead for Sedan cars","Car Junction - Lead Form Submission","2026-09-29","passed","2026-09-29","","Homepage - Body Type Leads","",""
"","4226","Submit a lead from New cars for MUV cars","Car Junction - Lead Form Submission","2026-09-29","passed","2026-09-29","","New Cars - Body Type Leads","",""
"","3180","Submit a lead for Maruti cars","Car Junction - Lead Form Submission","2026-09-29","passed","2026-09-29","","Popular Cars Listing - Brand Leads","",""
"","8770","Submit a lead from the Budget page for cars under 5 lakh","Car Junction - Lead Form Submission","2026-09-29","passed","2026-09-29","","Budget Listing Page","",""
"","2557","Submit a lead for popular cars on the Electric cars page","Car Junction - Lead Form Submission","2026-09-29","passed","2026-09-29","","Electric Cars Listing","",""
"","3162","Submit a lead from New cars for Latest cars","Car Junction - Lead Form Submission","2026-09-29","passed","2026-09-29","","New Cars - Other Categories","",""
"","2807","Submit a lead for cars under 50 lakh on the Popular cars page","Car Junction - Lead Form Submission","2026-09-29","passed","2026-09-29","","Popular Cars Listing - Lead Submission","",""
"","2325","Reject lead submission with empty name","Car Junction - Lead Form Submission","2026-09-29","passed","2026-09-29","","Homepage - Popular, Latest & Upcoming Cars","",""
"","3694","Submit a lead from the Popular Body Type section on PDP","Car Junction - Lead Form Submission","2026-09-29","passed","2026-09-29","","PDP - Lead Submission","",""
"","12539","Submit a lead from the Latest cars listing","Car Junction - Lead Form Submission","2026-09-29","passed","2026-09-29","","Latest Cars Listing","",""
"","2359","Reject lead submission with empty mobile number","Car Junction - Lead Form Submission","2026-09-29","passed","2026-09-29","","Homepage - Popular, Latest & Upcoming Cars","",""
"","2771","Submit a lead for Petrol cars","Car Junction - Lead Form Submission","2026-09-29","passed","2026-09-29","","Homepage - Fuel Type Leads","",""
"","2923","Submit a lead for Tata cars","Car Junction - Lead Form Submission","2026-09-29","passed","2026-09-29","","Popular Cars Listing - Brand Leads","",""
"","2396","Submit a lead for cars under 35 lakh on the Popular cars page","Car Junction - Lead Form Submission","2026-09-29","passed","2026-09-29","","Popular Cars Listing - Lead Submission","",""
"","3798","Submit a lead for MPV cars","Car Junction - Lead Form Submission","2026-09-29","passed","2026-09-29","","Homepage - Body Type Leads","",""
"","2917","Reject lead submission with empty name","Car Junction - Lead Form Submission","2026-09-29","passed","2026-09-29","","Seating Capacity - 4-Seater","",""
"","4067","Submit a lead for Hybrid cars","Car Junction - Lead Form Submission","2026-09-29","passed","2026-09-29","","Homepage - Fuel Type Leads","",""
"","3120","Reject lead submission with empty name","Car Junction - Lead Form Submission","2026-09-29","passed","2026-09-29","","Brand + Budget Type Listing","",""
